<?xml version="1.0" encoding="UTF-8"?>
<Context path="" docBase="${catalina.base}/onebill/onebill.war" xmlValidation="false" useRelativeRedirects="false">
    <Resources cachingAllowed="false" className="org.apache.catalina.webresources.StandardRoot">
        <PreResources className="org.apache.catalina.webresources.DirResourceSet"
            base="${extlibs.home}"
            webAppMount="/WEB-INF/lib" />
        <PreResources className="org.apache.catalina.webresources.DirResourceSet"
            base="${config.home}/main"
            webAppMount="/WEB-INF/classes" />
        <PreResources className="org.apache.catalina.webresources.DirResourceSet"
            base="${config.home}/rules/main"
            webAppMount="/WEB-INF/classes/rules" />
        <PreResources className="org.apache.catalina.webresources.DirResourceSet"
            base="${config.home}/ruleengine/main"
            webAppMount="/WEB-INF/classes" />
        <PreResources className="org.apache.catalina.webresources.DirResourceSet"
            base="${config.home}/workflow/main"
            webAppMount="/WEB-INF/classes" />
        <PreResources className="org.apache.catalina.webresources.DirResourceSet"
            base="${config.home}/workflow/processes/main"
            webAppMount="/WEB-INF/classes" />
        <PreResources className="org.apache.catalina.webresources.DirResourceSet"
            base="${config.home}/customInvoiceTemplates/"
            webAppMount="/WEB-INF/classes/customInvoiceTemplates" />
        <PreResources className="org.apache.catalina.webresources.DirResourceSet"
            base="${config.home}/hbm"
            webAppMount="/WEB-INF/classes/hbm" />
        <PreResources className="org.apache.catalina.webresources.DirResourceSet"
            base="${config.home}/notificationTemplates"
            webAppMount="/WEB-INF/classes/notificationTemplates" />
        <PreResources className="org.apache.catalina.webresources.DirResourceSet"
            base="${config.home}/properties"
            webAppMount="/WEB-INF/classes/properties" />
        <PreResources className="org.apache.catalina.webresources.DirResourceSet"
            base="${config.home}/spring"
            webAppMount="/WEB-INF/classes/spring" />
        <!--PreResources className="org.apache.catalina.webresources.DirResourceSet"
            base="${config.home}/ssl"
            webAppMount="/WEB-INF/classes" /-->
    </Resources>
    <Resource name="jdbc/OneBillDS" 
              auth="Container" 
              type="javax.sql.DataSource" 
              factory="org.apache.tomcat.jdbc.pool.DataSourceFactory"
              defaultTransactionIsolation="READ_COMMITTED"
              maxActive="100" 
              maxIdle="50" 
              minIdle="10" 
              initialSize="10" 
              maxWait="10000" 
              testOnBorrow="false" 
              testWhileIdle="true" 
              testOnReturn="false"
              validationInterval="30000"
              timeBetweenEvictionRunsMillis="30000" 
              minEvictableIdleTimeMillis="60000"
              removeAbandonedTimeout="300"
              removeAbandoned="true" 
              logAbandoned="false" 
              jmxEnabled="true" 
              jdbcInterceptors="org.apache.tomcat.jdbc.pool.interceptor.ConnectionState;
                                 org.apache.tomcat.jdbc.pool.interceptor.StatementFinalizer;
				 org.apache.tomcat.jdbc.pool.interceptor.ResetAbandonedTimer"
              username="username"
              password="password"
              driverClassName="com.mysql.jdbc.Driver"
              url="jdbc:mysql://localhost:3306/datatbase"/>

    <Resource name="jdbc/ReportDS" 
              auth="Container" 
              type="javax.sql.DataSource" 
              factory="org.apache.tomcat.jdbc.pool.DataSourceFactory"
              defaultTransactionIsolation="READ_COMMITTED"
              maxActive="100" 
              maxIdle="50" 
              minIdle="10" 
              initialSize="10" 
              maxWait="10000" 
              testOnBorrow="false" 
              testWhileIdle="true" 
              testOnReturn="false"
              validationInterval="30000"
              timeBetweenEvictionRunsMillis="30000" 
              minEvictableIdleTimeMillis="60000"
              removeAbandonedTimeout="300"
              removeAbandoned="true" 
              logAbandoned="false" 
              jmxEnabled="true" 
              jdbcInterceptors="org.apache.tomcat.jdbc.pool.interceptor.ConnectionState;
                                 org.apache.tomcat.jdbc.pool.interceptor.StatementFinalizer;
                                 org.apache.tomcat.jdbc.pool.interceptor.ResetAbandonedTimer"
              username="karmukilan"
              password="karmukilan"
              driverClassName="com.mysql.jdbc.Driver"
              url="jdbc:mysql://$DBHOST:$DBPORT/$DBNAME"/>


    <JarScanner>
        <JarScanFilter tldSkip="${tomcat.util.scan.StandardJarScanFilter.jarsToSkip}" 
            tldScan="standard-1.1.2.jar"
            defaultTldScan="false"/>
    </JarScanner>
</Context>
